{
    "appName": "Nairobi",
    "output" : "dist",
    "mini": "false",
    "dark": "false",
    "layout" : "layouts/dashboard/default",
    "assets": {
        "fonts": [
            "./src/assets/fonts/**/*.*"
        ],
        "style": [
            "./node_modules/nouislider/distribute/nouislider.css",
            "./node_modules/apexcharts/dist/apexcharts.css",
            "./node_modules/swiper/swiper-bundle.min.css",
            "./node_modules/datatables.net-bs4/css/dataTables.bootstrap4.min.css"
        ],
        "js": [
            "./node_modules/jquery/dist/jquery.js",
            "./node_modules/@popperjs/core/dist/umd/popper.min.js",
            "./node_modules/bootstrap/dist/js/bootstrap.min.js",
            "./node_modules/nouislider/distribute/nouislider.min.js",
            "./node_modules/smooth-scrollbar/dist/smooth-scrollbar.js",
            "./node_modules/datatables.net/js/jquery.dataTables.min.js",
            "./node_modules/datatables.net-bs4/js/dataTables.bootstrap4.min.js",
            "./node_modules/swiper/swiper-bundle.min.js",
            "./node_modules/waypoints/lib/jquery.waypoints.js",
            "./node_modules/counterup2/dist/index.js",
            "./node_modules/vanillajs-datepicker/dist/js/datepicker-full.js",
            "./node_modules/apexcharts/dist/apexcharts.min.js"
        ]
    }
}